"ID","K39","P31","Li7","Al27","S34","Fe54","Mn55","Co59","Ni60","Cu63","Zn66","As75","Se78","Mo98","Cd111"
"E_001",5888.311451,1743.118142,0.012869882,3.845879333,1152.944236,27.59339808,54.53990772,0.188765445,0.813897465,7.365774443,22.06969766,0.004603502,0.078727289,0.101190184,0.00766589
"E_002",7013.400166,2244.68425,0.011931612,5.825639221,1600.441818,35.49158648,52.57114203,0.282940026,0.648418658,8.068232162,10.1086613,0.005609539,-0.043177407,0.14549922,0.021107826
"E_004",7966.273447,2311.056644,0.021231577,8.036046831,1039.097749,39.13434474,36.664748,0.204520839,0.555300335,8.369119967,24.30491035,0.005811993,-0.099479389,0.161181941,0.006236906
"E_005",7514.088622,2315.675046,0.023306263,9.482050637,1091.607046,40.22041153,43.24367607,0.201085208,0.660281969,9.385391901,17.75315743,0.004597548,0.03361551,0.16304633,0.006881962
"E_006",7608.463923,1995.192533,0.058812769,29.32960533,1096.870563,75.2361385,53.64704601,0.353459542,0.103596911,9.068968246,16.65683944,0.013593336,0.122610719,0.184343717,0.008106347
"E_007",6120.525902,1908.805035,0.013933974,6.115421962,1213.624852,30.84618033,67.89663145,0.233101325,0.687711185,7.99061821,12.19792217,0.004382589,0.06572541,0.139915224,0.004713937
"E_008",4567.317496,2008.564757,0.037247783,11.17633337,1349.574062,42.52178868,82.73278846,0.318521771,0.940657263,7.753446611,16.61125163,0.008325781,0.05516202,0.131712144,0.215261904
"E_009",6272.923113,2081.468725,0.018202773,7.539862842,1410.133893,28.90316541,56.0355102,0.157284287,0.628594839,8.769453642,14.5029827,0.005118577,0.199532043,0.125924007,0.004821006
"E_010",8163.801234,2401.009462,-2.555e-05,0.748923063,682.5802519,4.1329280855,51.47730868,0.0240148495,0.103596911,10.54184451,29.60502854,0.037091722,0.090372895,0.382809636,0.015254653
"E_011",8162.05587,2862.158732,0.009368071,2.785220726,2183.855856,28.50058598,33.44925102,0.096942674,0.429100334,11.4023106,17.16506786,0.009736819,0.039616838,0.147265726,0.012405878
"E_012",6191.560049,2365.631162,0.026465784,10.53144569,1288.805074,39.25911339,56.62508025,0.139092506,0.683843406,9.009216564,14.58656406,0.006576007,1.136461121,0.181829203,0.003671579
"E_013",6245.207426,1910.289212,0.020084693,7.833136152,1519.466562,41.05183681,80.97299856,0.26791135,0.863386048,7.815821533,15.03511334,0.003562122,-0.206702694,0.127457242,0.002491942
"E_014",5325.603581,1679.93655,0.014357346,5.152716078,930.82775,28.78922772,70.00813205,0.121658295,0.546039501,8.078510967,13.77556841,0.003780766,-0.931147949,0.12166126,0.004558681
"E_015",6525.190016,1854.601375,0.049779705,19.87606793,1197.893213,64.5938365,147.4309011,0.257470887,0.824355578,7.678716213,20.46661829,0.010008469,-0.142380489,0.177814959,0.006703176
"E_016",6141.001483,2145.714597,0.017299614,6.766471064,1674.467158,33.28773119,74.11879611,0.177028978,0.666377793,8.714352455,12.98976758,0.005308851,0.139025873,0.16321042,0.007306049
"E_019",6989.868846,1927.863214,0.021766007,9.365613285,1465.755487,39.0126413,125.7401258,0.218223245,1.009950895,8.210049211,20.04854825,0.006451497,0.140751143,0.118356568,0.007251806
"E_020",5677.845244,2122.16844,0.01273046,5.089760175,1053.498009,31.6634835,47.39844141,0.141202715,0.588032429,8.917257802,11.96446285,0.00423513,-0.278970112,0.167618626,0.005203386
"E_022",6895.615013,2245.385595,0.021231165,7.440318712,1574.961231,37.14097299,41.89817419,0.112612765,0.624426785,9.307781365,13.46350072,0.006263871,0.164807838,0.155897781,0.004233107
"E_023",7670.928898,1662.856475,0.032387486,18.70808292,1612.255745,58.02679894,37.28919653,0.153667812,0.919254566,7.147362305,8.38328775,0.009873941,0.474807298,0.130853423,0.006014047
"E_024",7054.823537,2604.363272,0.022281151,8.56702318,1413.832899,34.93323798,25.86539894,0.105795855,0.577188778,9.772884761,13.06680724,0.005490232,0.079651301,0.210569898,0.006849612
"E_025",6562.71526,2074.741487,0.023445036,8.80117583,1387.921988,35.05305136,48.23083452,0.113587515,0.61122383,8.393946855,14.50026231,0.005610754,0.028976579,0.231671074,0.004446827
"E_026",7474.126417,2802.931702,0.048591012,17.26186798,1265.282418,60.6757829,44.01244493,0.221272922,0.815339982,8.497041668,23.67989958,0.015603737,0.092779279,0.208706954,0.022817528
"E_027",6487.369837,2100.560425,0.036396793,14.99312999,1098.429742,46.22383262,117.0829414,0.214339612,0.774553729,7.785202054,27.60041524,0.015088125,0.051690199,0.149589199,0.006600481
"E_028",6378.367888,2088.574718,0.035758287,14.91096866,1745.87433,54.63343321,91.44492515,0.153776182,0.774288788,8.254036512,16.07244365,0.019433516,-0.91805499,0.145293964,0.005454948
"E_029",6577.627916,2373.920201,0.019841381,6.117107534,1800.280338,38.84649338,39.99643718,0.102043477,0.516232887,9.790344993,11.05692587,0.008518974,0.149212721,0.187558164,0.014248747
"E_030",9764.482893,3530.201225,0.017820733,6.10678436,1850.690713,33.11424964,39.72407167,0.120809721,0.431215627,9.598082224,15.21069722,0.009221131,0.046007204,0.269851251,0.030247231
"E_031",5959.387625,1966.149059,0.0088414,2.975010599,1147.746295,25.86567599,53.53017892,0.090866427,0.424623227,7.963637224,9.94854946,0.003104279,0.152479416,0.174014438,0.002962177
"E_032",8246.836383,2907.228245,0.029903024,11.62209669,1291.17368,41.09882905,80.93965175,0.188235886,0.584881374,9.834819834,18.47059201,0.007437863,0.317959391,0.20401747,0.00698325
"E_033",5812.79023,2014.163073,0.021689799,8.501044244,1130.133733,33.47476066,72.673377,0.103922395,0.635148911,7.129622025,10.95851576,0.005883887,-0.209875736,0.165481033,0.00481189
"E_034",6516.826988,2298.47192,0.053523788,17.98535724,1318.909081,65.01082908,59.76691389,0.202829844,0.688384522,8.155209049,14.51636066,0.010831973,0.126099912,0.199575145,0.012706547
"E_035",7357.856456,2632.342929,0.056187913,23.40275395,1461.180555,68.59276833,73.66770388,0.221249954,0.877543238,9.877759959,20.38073391,0.013266345,0.161403401,0.194577639,0.025234654
"E_036",7696.827217,2737.95089,0.033694866,10.61224603,1380.077232,41.5517533,36.81181001,0.263846847,0.813412859,9.047303663,49.72979495,0.012793381,0.364275963,0.186600126,0.015205131
"E_037",6919.042276,1998.787915,0.015707608,5.971556462,1095.757612,29.46403157,38.39843535,0.108114084,0.520301398,9.254656223,15.28787922,0.004201467,1.429169311,0.143394633,0.010565285
"E_038",6073.668167,1973.06164,0.020938588,8.418366647,1156.058734,33.43202714,48.3689013,0.144811219,0.668777439,7.915009769,26.17744391,0.00501691,-0.003122328,0.174108498,0.008714494
"E_039",6528.727382,2188.384423,0.057004455,18.80462943,1374.006772,71.77324576,97.03145447,0.280101137,0.900370537,8.673645197,18.57385284,0.017162841,0.131282814,0.170726824,0.009535418
"E_041",6225.30312,1990.229589,0.045723006,17.65696375,1232.008155,52.63598834,53.46381221,0.165092857,0.91250827,8.010778517,13.61154574,0.008150989,0.043331097,0.173763265,0.005944341
"E_042",7728.038244,2218.360355,0.079610694,33.94294985,1003.842518,84.55912716,84.18626385,0.294751248,0.895012845,8.170784221,15.55863734,0.017049826,1.092514436,0.221706994,0.006325182
"E_043",8804.845575,2430.689973,0.008666844,2.097751577,1098.414533,23.11668867,17.79179364,0.104036551,0.515479535,10.5437839,11.38225146,0.001804365,0.034980504,0.210983442,0.005211411
"E_044",10181.0862,2520.867494,0.011203178,2.87259105,2015.09922,26.61226578,25.92364716,0.066043598,0.40958244,10.62882252,14.05422407,0.002654478,0.09416796,0.214678124,0.004692913
"E_045",6523.699503,1993.162031,0.018208492,6.275924209,1168.869428,33.4874927,53.91804971,0.115190348,0.702756056,10.01265879,14.79421868,0.00497311,0.13915858,0.145784916,0.006593107
"E_046",7031.097481,2443.023945,0.01366099,3.890496119,1510.964181,25.73186398,57.3221063,0.122048377,0.506992415,7.961821032,17.44444235,0.004469116,0.06086497,0.148436299,0.007382634
"E_047",8283.802909,2664.458954,0.02009533,12.26145391,2126.001872,43.44513227,93.60125416,0.160164105,1.051487025,12.46906564,26.06457604,0.011283839,-0.6420399285,0.198236827,0.005206917
"E_048",8899.093668,2449.9084,0.01276929,4.498020354,1706.530796,32.49357316,90.02047479,0.138440308,0.614882082,9.150804313,19.05601677,0.005897861,0.048338316,0.164917359,0.010028518
"E_049",6892.023258,2124.219056,0.007675085,2.653057075,1212.527692,21.6384468,21.92561751,0.087806758,0.449032686,7.940474489,9.821068494,0.006147462,-0.01396383,0.172021389,0.048607601
"E_050",7103.025947,2454.973903,0.007378926,3.265556606,1213.908764,23.59239243,26.87870037,0.082087748,0.379668832,9.452383658,12.80804301,0.006014553,0.04122131,0.318121057,0.0055248
"E_051",7487.235683,2398.963233,0.012162484,3.860697088,1744.415655,28.79357447,32.36829238,0.091947382,0.502107889,10.12981681,11.29487349,0.010682412,-0.755786981,0.170647622,0.002676704
"E_052",10426.72598,2492.043481,0.013492585,4.509366007,1068.941111,22.8279668,20.38304438,0.083861304,0.433978963,10.61965904,18.2188372,0.002126167,0.137109614,0.207630262,0.008266562
"E_053",9973.878835,2262.121562,0.002132644,2.810298806,1520.872607,20.33859735,21.39579439,0.150106563,0.526092903,10.96008996,10.46485043,0.002960352,-0.384117825,0.151114975,0.001965481
"E_054",6873.234856,2404.909944,0.027704697,9.812019739,1203.669274,35.05510271,34.85727728,0.138013894,0.692107374,8.892502011,13.69669785,0.006222432,-0.013403813,0.197904113,0.012108373
"E_055",7678.958405,2498.725248,0.020940417,6.839025928,1182.855259,28.02518384,53.26902998,0.205467206,0.672326815,8.52332821,47.22422859,0.006937585,-0.010529468,0.161815894,0.012053613
"E_056",7546.075543,1889.843873,0.031664981,13.49783441,1489.579407,42.14881767,45.06289051,0.129181189,0.683527046,8.560148602,11.22491432,0.007283927,-0.6420399285,0.160319788,0.003428277
"E_057",8106.543586,2436.896002,0.008517438,3.899901264,1465.246498,25.79433038,37.05406879,0.115645903,0.42720277,8.541713392,23.37398444,0.002693693,-0.094333391,0.229534198,0.004616856
"E_058",5144.77631,2118.897832,0.0174685,7.317132038,1308.984483,31.64299098,52.78774223,0.137077188,0.52381066,7.98077336,14.92123862,0.005215509,-0.6420399285,0.194628984,0.003748758
"E_059",6699.683419,2159.646135,0.018387682,7.349553505,1299.037982,33.68660329,28.3729879,0.120892462,0.599761047,7.996775967,20.23779235,0.005812225,0.187951406,0.184302391,0.00462108
"E_060",6755.074585,2246.842736,0.013038533,3.374845962,1901.467455,25.31568497,37.00459735,0.115584489,0.373690828,9.322212792,11.22448925,0.003413791,0.121559539,0.12090044,0.015595859
"E_061",6706.273026,2215.099229,0.022256437,6.876596595,1921.139131,33.21147832,91.25832758,0.167910049,0.599850675,7.828025186,37.6261626,0.006606043,0.077369254,0.167257297,0.006254621
"E_062",6929.981442,2047.960835,0.014390486,5.221695123,1450.496742,31.92480411,45.86355767,0.135870204,0.668556984,8.712490171,15.4263278,0.004142608,0.043280646,0.249485066,0.002846077
"E_063",11492.7324,3385.927112,0.012977515,5.041110904,1994.60659,28.51356204,21.76309495,0.079049035,0.467246374,12.30718419,14.12670162,0.007100156,0.064756789,0.250290118,0.002627498
"E_064",5263.395209,2019.963007,-2.555e-05,0.748923063,1137.386722,4.1329280855,82.93309618,0.281032694,1.112154587,7.944634898,15.27716299,0.019226976,0.103066248,0.154078548,0.027331134
"E_065",9273.250039,2786.160167,0.00901761,3.956507627,1212.357269,24.35768041,26.23612596,0.084818841,0.358217014,10.06327187,12.89220875,0.003239458,0.388705991,0.260437005,0.006704332
"E_067",4615.108583,681.6911134,0.006548534,1.88402685,226.1012805,8.265856171,9.573434295,0.068618269,0.358193738,2.865274479,15.76227412,0.002962668,-0.01601699,0.026555002,0.00400923
"E_068",10941.79672,3056.078509,0.022281095,13.17122255,2322.416145,42.11318905,83.1942465,0.228423018,0.813667529,10.12349973,33.79490372,0.009175687,0.332256918,0.197264335,0.010459246
"E_069",6330.439871,1940.461448,0.010694524,3.691377431,1212.371334,27.26695615,34.73993477,0.136304759,0.614377179,9.157231774,33.0274552,0.003768932,0.493500002,0.176503821,0.101836916
"E_070",7451.844618,2521.617207,-2.555e-05,0.748923063,1326.94009,4.1329280855,23.44846061,0.380759525,1.317614336,12.49763922,9.768269734,0.020345072,0.051686695,0.214555786,0.006761413
"E_071",6486.378446,2067.636587,0.015658248,5.684212587,1530.786888,32.97451697,44.33957525,0.097428423,0.948642112,9.541552967,11.87137457,0.007150281,0.066719287,0.151852597,0.002442945
"E_072",6850.439363,2098.334264,0.01501187,6.354375227,1275.205209,39.14594493,69.91369899,0.152665862,0.651263354,9.604853021,26.68842175,0.010236934,0.64938246,0.143055176,0.005256326
"E_073",5952.819769,1929.932311,0.032246755,14.1529969,1029.712323,48.09013817,43.91942696,0.152591796,0.719160642,7.178170997,23.557054,0.020780074,0.09322651,0.125481815,0.005285972
"E_074",11117.23151,2131.536024,0.004932149,4.173116444,1818.372961,24.85693703,26.98972291,0.124308489,0.499418102,9.014418148,14.43814026,0.007081212,0.466360308,0.124591839,0.009338488
"E_076",6812.256195,2246.135226,0.015550592,5.628746165,1440.733034,35.43159579,50.61124331,0.132493351,0.559657031,7.953870903,16.26677181,0.005704322,0.560526577,0.10757099,0.008234403
"E_077",6980.89245,2160.616375,0.007699364,3.539761809,1340.358911,32.17988935,34.38779617,0.059712078,0.47015351,8.610901141,12.61499723,0.004654488,0.04027686,0.24168586,0.005491996
"E_078",5798.866797,1767.050606,0.017604162,6.746725183,959.8341614,33.8520027,60.63983185,0.098396769,0.63800994,7.029802735,9.79212354,0.004239936,0.050784186,0.091040181,0.005115237
"E_079",5328.51931,1844.317359,0.010993366,3.910058147,1389.518182,29.79080201,53.42335214,0.083200235,0.591991158,10.00866151,10.5968781,0.005802222,0.074429214,0.126804827,0.003949413
"E_080",7551.448998,2655.220674,0.008178214,2.984960807,1249.016427,25.63520774,23.78918091,0.12055579,0.390303288,8.948498535,21.8914469,0.005518564,-0.131034812,0.212234828,0.003982263
"E_082",8098.030816,2329.502983,0.008266718,3.187883841,1340.995264,25.42914081,22.72670639,0.096182941,0.332139886,10.45361002,12.30678184,0.004562663,0.021532563,0.167967594,0.01315996
"E_083",10878.9119,2317.152945,0.007511401,6.474782419,2029.376075,27.90745852,31.79186794,0.135704375,0.555061803,10.07731824,21.46331476,0.004650579,0.436992508,0.152259114,0.009285168
"E_084",5969.45974,2300.561582,0.017828846,7.589266835,1339.02832,33.38533241,159.1297361,0.225557647,0.960148725,8.388750546,19.84398398,0.005574818,0.012408881,0.13589455,0.006870849
"E_085",7479.07865,2588.597133,0.010435237,5.792983124,1501.288648,33.13162525,30.21362892,0.067272478,0.565812922,10.88030508,12.95059824,0.003906712,0.051853013,0.181029043,0.006158967
"E_086",5617.897567,1888.500077,0.010570846,4.754383117,1058.836554,26.65277211,39.41003332,0.091166886,0.450387769,7.502405809,19.18316957,0.007158571,-0.00049969,0.197620784,0.005470821
"E_087",4612.939944,1579.748958,0.022882321,10.66625969,1152.999193,39.59429288,58.35973956,0.123241849,0.811587924,8.02215102,13.51005423,0.006446854,0.058808215,0.092059871,0.005128751
"E_088",12028.06375,2488.688933,0.009654682,4.701854495,1188.340276,22.36879275,15.5727522,0.063701176,0.312967086,9.436093725,13.09253445,0.004182628,0.485105652,0.156636783,0.00266328
"E_089",7664.438707,2333.667716,0.010307376,3.271404114,1232.867877,21.220686,20.52410752,0.263375828,0.571443768,8.811662634,55.75454164,0.002796012,0.083550626,0.141647536,0.006644066
"E_090",7997.092963,2474.209836,0.006910231,3.506030981,1203.964957,22.62353985,20.91256503,0.061198875,0.361586263,10.62635445,10.32545584,0.002618478,0.108020562,0.202069325,0.002148347
"E_091",8563.00123,2888.162986,0.009938534,4.802719334,1262.831436,29.26690372,39.92452907,0.101379631,0.254076987,10.42874914,15.32844446,0.00552546,0.194177499,0.200777256,0.002998688
"E_092",11286.40771,2819.447497,0.00733161,2.896234375,1163.765909,20.61924026,25.57564984,0.065843436,0.303371689,10.8501455,17.83836278,0.001989793,0.356119168,0.141195428,0.014335498
"E_093",6832.053435,1749.474721,0.013048198,4.784634477,895.6413556,26.53520813,23.89223713,0.106835872,0.305192774,6.531565081,27.26134964,0.005786478,0.047926629,0.099540033,0.004368497
"E_094",8329.236834,2910.480062,0.011059533,4.426368698,1515.530872,27.97714444,40.691676,0.083235055,0.712711407,12.51328723,24.12704557,0.003247032,0.237519437,0.218114374,0.00373333
"E_095",7156.800316,2198.063445,0.006718306,3.177821825,937.8686754,24.92108878,34.69119454,0.054438395,0.266971618,9.722961324,9.818700937,0.003192667,-0.972812893,0.156003392,0.004712212
"E_096",8012.983777,2575.12366,0.00889102,3.503261042,1109.318683,23.23010668,24.47899986,0.087386701,0.342726509,9.687844615,24.61474222,0.01806939,0.09922421,0.166234923,0.005314242
"E_097",6142.163291,2032.976699,0.008286575,3.82351231,1278.766662,30.2784263,47.93143826,0.078977965,0.439710481,8.606777368,15.07223825,0.032061363,0.051788881,0.161509289,0.003012962
"E_098",6352.626644,3192.969782,0.041279747,16.69214294,1087.894053,56.56095733,58.28731004,0.182681485,0.640157827,9.8961868,15.69525322,0.01718276,0.066909236,0.17843758,0.009240832
"E_099",10140.53822,2901.05759,0.007655333,2.696763047,1165.364805,21.72289878,23.00078004,0.121944152,0.388690998,8.528681136,14.93067803,0.004829637,0.063665642,0.119256788,0.00960536
"E_100",6047.92414,1971.383172,0.009732452,3.346357503,599.3909829,24.47140496,25.18441011,0.126978851,0.48202871,8.45504422,22.97116182,0.005684673,0.03053267,0.116083832,0.00900515
"E_101",9151.757266,2510.331982,0.012888834,4.26765129,997.8976305,28.75145941,19.04063217,0.097144451,0.390610706,9.368113921,28.33929845,0.005070807,-0.152531589,0.136676181,0.01278868
"E_102",6461.287322,2485.506621,0.008555644,3.628026199,1565.928127,29.56818615,39.71944123,0.068492017,0.499388639,10.74813615,13.22774692,0.004843498,0.008208222,0.136535516,0.009241259
"E_103",12610.27107,2959.114018,0.006692539,2.319624824,1521.132013,17.12092911,17.14433229,0.055189109,0.237066467,9.979768347,11.58847939,0.001893223,0.023767697,0.162530145,0.004805814
"E_104",9549.27197,2547.283229,0.007299187,2.888594704,1110.892538,19.25610504,15.89814873,0.159250574,0.455279823,9.558393903,28.34340152,0.001915496,-0.028504436,0.10986015,0.008232438
"E_105",8815.661835,2704.015552,0.012019986,3.471198478,1438.573531,24.63660822,25.94797284,0.112145406,0.487476597,11.69482839,16.02164792,0.00268032,0.03768005,0.140956327,0.015691765
"E_106",12813.08472,2952.673066,0.007104411,2.839540217,1625.189811,19.15862852,16.71851691,0.116387357,0.378843408,11.35125481,18.63938728,0.00176462,-0.033203929,0.149512021,0.004499523
"E_107",7591.057316,2767.792584,0.008905241,3.631450553,1574.577173,28.62819177,29.17583867,0.085512898,0.468017348,9.872780868,15.82191107,0.003451448,0.055657375,0.122614373,0.007831449
"E_108",8955.937911,3133.929921,0.007299594,3.063870582,1801.42114,26.45566518,26.19945496,0.096094309,0.387441493,10.76371232,22.28840106,0.002904985,0.00137374,0.148455578,0.005415611
"E_109",5712.84149,2237.540021,0.024604559,10.10014985,1571.229884,45.43077982,79.75166817,0.113131737,0.663038098,9.276699344,12.1112629,0.005207731,0.036472345,0.097913349,0.004559495
"E_110",6353.722564,2611.979227,0.010232009,3.625461715,949.677664,26.2648323,33.89378145,0.12962185,0.592165122,8.6843114,19.49503192,0.00603451,0.026574188,0.151985455,0.012194253
"E_112",11317.46672,2802.344317,0.005845396,4.210699683,2719.307666,30.4381135,25.28346255,0.108848037,0.484501555,12.38696718,24.45799437,0.004921748,-0.6420399285,0.17913264,0.008955436
"E_113",6635.512698,2049.1672165,0.015887225,6.2989996335,972.82550565,41.95158776,44.501077485,0.1148087755,0.5070965965,8.5105207305,16.42025491,0.0067509965,-0.096129084,0.1184919555,0.008333876
"E_114",7276.456489,2119.570122,0.010162791,3.81515036,1324.712384,47.59062952,29.26042196,0.061019435,0.394044642,8.683659836,11.11111025,0.005441119,0.072867031,0.14009893,0.002845564
"E_115",8823.746106,2803.271047,0.010353595,5.038515627,1135.436007,27.70691723,33.94433317,0.129973373,0.481613386,11.22160864,14.32985224,0.007042251,0.70715392,0.177650084,0.009726684
"E_116",7521.636884,2494.810686,0.011815716,4.461392281,1191.774845,27.12795079,31.99442199,0.123942923,0.458869048,9.757613342,31.3514576,0.00403481,0.126180476,0.183001243,0.002450626
"E_117",8403.351344,2648.712019,0.007364998,3.221195847,1940.77699,23.92996185,24.5649116,0.068007207,0.304575696,9.147222414,15.62421656,0.002790056,0.05586291,0.179953147,0.001372224
"E_118",6695.064305,3085.834027,0.007086611,3.075663735,1653.803856,25.46490215,21.86432833,0.086709371,0.286568185,9.184106717,17.64259856,0.00507563,0.029715327,0.144738887,0.005098898
"E_119",6675.867012,2584.364669,0.009748292,3.816135526,1545.790349,32.18881171,61.05749269,0.076549226,0.411845076,9.586713739,14.01358931,0.018631157,0.122514255,0.134123506,0.011104475
"E_120",9506.167343,2523.027368,0.01160692,2.903738624,1372.853149,23.69615845,18.23905666,0.097558224,0.348016709,9.184117545,13.73207836,0.007673511,0.083278169,0.153447975,0.00545634
"E_121",6923.814289,2108.990034,0.010992811,4.123021096,963.4942972,27.2847854,25.39713047,0.091505825,0.388458551,8.327044579,18.87792308,0.004654102,0.030242307,0.140577403,0.002264816
"E_122",6791.416911,2108.872035,0.016968804,7.687333041,1000.670538,33.94706048,69.33968038,0.134954255,0.621059321,7.594453475,14.78068172,0.00716478,0.759831684,0.115713074,0.007075478
"E_123",7872.018835,2346.809501,0.007159963,2.563166222,1402.073836,20.45185606,15.93780635,0.082403194,0.347820774,8.141917328,14.87039027,0.00135007,-0.088889828,0.167976211,0.007756218
"E_124",6236.702746,2179.787207,0.01483623,5.642775223,1203.96504,26.26389986,28.05756545,0.120828324,0.336740234,7.64700615,15.03928427,0.003449914,0.175137772,0.13998989,0.004361153
"E_125",10067.95899,2765.604116,0.005903443,2.422882819,1319.725222,19.13988969,15.53590519,0.096648996,0.207193822,11.7825562,16.07398706,0.002484792,0.000278372,0.180140814,0.004647677
"E_126",13349.47006,3082.111281,0.005531569,3.014498025,1342.574784,21.10548721,20.96598981,0.097932736,0.36033022,14.23775361,14.67245807,0.00179562,-0.612970882,0.145492006,0.003568566
"E_127",7043.183456,1966.56033,0.007987344,3.177834048,1238.003081,22.03603077,28.43037046,0.131383267,0.47082301,7.884282342,12.87347841,0.003595664,0.186249827,0.086161909,0.003656149
"E_128",6218.007088,2114.260993,0.00753542,3.478018793,1369.150942,26.75738783,22.85013116,0.060003027,0.428067056,7.9581008,11.44014252,0.004507212,-0.044782984,0.132835919,0.003465316
"E_130",8794.73659,1950.255123,0.00162829,3.174243973,1484.342735,23.92759305,27.39590551,0.113560921,0.405907834,7.735152465,17.42865088,0.004547837,-0.419980433,0.114189324,0.003872484
"E_131",7250.075056,2208.577198,0.006745225,3.038308928,1479.138113,24.57323818,28.70321774,0.117225068,0.480954977,8.564303477,9.925452986,0.002810384,0.081545029,0.099116819,0.004160388
"E_132",8536.001949,2551.256984,0.007567259,2.486576171,1538.65912,20.10701805,24.55664638,0.105175221,0.416156772,9.135274636,14.74478788,0.004350112,0.02471405,0.12463023,0.004045821
"E_133",7349.333741,2108.337054,0.008993189,4.416488544,1141.915773,24.58726249,22.25067486,0.106652898,0.325830726,9.319036493,10.99926807,0.00361546,0.091126163,0.126470286,0.002779639
"E_134",7191.881271,2254.041345,0.007406911,3.527377217,1408.099833,24.24527854,29.72701648,0.141851216,0.373356626,9.035842568,21.30959204,0.004925396,0.119230782,0.100114399,0.006513861
"E_135",7403.673518,2730.370812,0.008831065,3.165684856,1187.077114,23.96606112,35.06749753,0.099654296,0.53342846,9.443879807,24.68983834,0.003063352,0.014795912,0.144741143,0.013592775
"E_136",8606.473239,2451.679339,0.007335424,2.589982148,1239.79232,20.90743503,21.38816609,0.13025484,0.403303934,10.44966249,17.58295208,0.002019084,0.013376388,0.115403609,0.033385966
"E_137",7473.36503,2504.575547,0.006605991,2.891889254,1110.136497,19.6139293,23.68906718,0.15619488,0.365921893,9.606136677,12.10498876,0.002095508,0.213879316,0.150258408,0.009319417
"E_138",10815.0065,2620.827522,0.009984817,6.765833759,1295.627241,25.37396889,35.41422416,0.10369312,0.385942924,8.386859597,17.93050207,0.004684342,0.103777546,0.232433806,0.003100282
"E_139",7259.713009,2014.756904,0.01113574,4.846465776,979.4058303,32.34252757,33.11641523,0.105301884,0.484708222,7.731465026,17.64598202,0.003225326,0.023646339,0.179896323,0.005717223
"E_140",6319.959931,1846.294905,0.007159249,4.201915805,840.6017231,21.35260047,26.68572669,0.072664722,0.371862097,7.466279219,15.83821352,0.004236943,0.079048898,0.161012043,0.00485476
"E_141",7193.505912,2007.137251,0.012608855,4.551859241,1119.536207,31.43548841,44.27696439,0.122489454,0.444353872,8.097390845,14.43072409,0.017522175,0.129685049,0.117887416,0.003548325
"E_143",7834.673888,2125.464821,0.007973775,2.428833319,1051.164694,20.15322765,22.46180894,0.082657638,0.309358809,7.516001202,10.96460051,0.004863312,0.14576706,0.145992408,0.391176413
"E_144",6105.853053,1829.347163,0.008324438,3.968766313,1061.411855,32.82898802,30.27482883,0.084975342,0.578260763,7.498290747,17.65165616,0.004687339,0.088050775,0.11670031,0.000528499
"E_145",6145.460547,1501.813446,0.011601066,4.549112482,554.6469712,32.55952577,53.96538641,0.129429435,0.742845614,7.592533066,14.42895843,0.00569839,0.138984766,0.11132779,0.003563637
"E_146",8581.074042,2583.341073,0.005448707,2.63405906,1357.489337,20.98667259,25.00401133,0.087172312,0.383879905,9.603194956,11.84216592,0.001759726,0.058682655,0.207880466,0.003417271
"E_147",9468.987804,2171.237,0.008755763,3.217225087,879.1516024,26.87630804,20.69355927,0.096693927,0.394973314,8.336689457,9.951086884,0.0036423,-1.284079857,0.115279508,0.002196163
"E_148",6787.632428,1934.248799,0.008056551,3.057505389,1072.365369,23.71206852,22.82302062,0.083018255,0.631513939,7.171191307,20.68410102,0.003434373,-0.049432647,0.18460573,0.0044365
"E_149",6074.989111,1875.190092,0.008681483,2.696344823,1300.619084,23.60212879,20.41940764,0.140828732,0.491794138,7.94703586,16.47552982,0.002546525,0.160631611,0.117674285,0.004902275
"E_150",9450.639467,2813.928879,0.035760707,3.409076549,1323.869785,26.23274916,27.80805846,0.127978483,0.555227681,10.07549976,22.14557074,0.00343888,-0.022969952,0.159557564,0.00945081
"E_151",7842.297204,2340.23546,0.011797467,3.966957203,1284.26013,27.26701985,32.35871724,0.12392126,0.613903604,10.06339277,10.79537996,0.004615623,0.162746825,0.160240312,0.008291802
"E_152",7198.757336,1940.718156,0.012380052,5.52243385,910.8401154,30.70502748,24.9028809,0.107904423,0.542721666,7.164186338,15.1372259,0.005692597,0.104025922,0.17926522,0.003252464
"E_153",7521.378835,2286.492929,0.006100198,2.499563212,1218.147382,22.22249578,18.08385424,0.099898218,0.419422267,8.086246175,11.68438163,0.003283033,-0.027920587,0.133530204,0.00165095
"E_154",7873.922782,2143.551192,0.009128708,3.085190903,1032.894941,27.02937093,23.64888512,0.073492942,0.389040308,8.234598762,8.118991264,0.004098927,0.241544424,0.109779126,0.001641671
"E_155",7193.712273,1961.92547,0.014654768,6.158906858,893.7246041,37.9377205,43.32109891,0.097902764,0.657959067,7.792413385,11.66179015,0.006494102,0.727464125,0.139446762,0.003529662
"E_156",8950.147382,2537.282911,0.010305769,4.328982306,873.565109,23.94459069,17.01129454,0.076133436,0.282494093,8.203799716,13.87087935,0.003761996,0.455576574,0.143025609,0.001763481
"E_157",7999.363649,2577.250554,0.00743409,3.089241018,1315.618227,21.12484514,19.86151944,0.087013413,0.388315909,8.665935536,20.83881983,0.003362325,0.163122697,0.197769452,0.006294892
"E_158",8182.313019,2341.487563,0.009797227,2.862161026,1219.969938,22.03048942,20.78641203,0.15201873,0.33556942,7.691034755,20.17305779,0.003894954,0.799008035,0.144747716,0.006782901
"E_159",13399.0769,2965.201445,0.007039837,2.685452981,1692.967404,21.6810793,19.82713474,0.1251426,0.308444215,11.59137501,26.2750171,0.004294126,-0.031338985,0.193680307,0.007997121
"E_160",6390.201897,1753.556017,0.040749758,16.46410513,799.1427005,65.92592154,30.98579441,0.147844449,0.490644126,6.991733649,19.85361034,0.011312332,0.049667067,0.122107817,0.005261728
"E_161",6881.246109,1899.770217,0.008237151,3.313702573,1016.13669,27.51746809,32.24751774,0.16338121,0.48083979,7.246151681,26.91556114,0.004176717,-0.021849472,0.141688598,0.002795408
"E_162",8231.221415,1794.690518,0.001380033,3.24747685,1301.531459,24.54498115,24.33190608,0.108550588,0.398536208,6.846920037,11.29227093,0.003287631,-0.147026543,0.180542649,0.001733784
"E_164",7757.664598,2151.674023,0.006851576,2.865202743,710.1309435,23.7124715,24.89139089,0.096614302,0.397108874,7.920614755,15.05374575,0.004994282,-0.242078377,0.174873465,0.004891983
"E_165",6830.196294,2102.565597,0.012522512,4.210815583,1271.32101,31.51125197,67.9092823,0.162868246,0.506327306,8.739050644,18.1879372,0.014273814,0.027462417,0.120650369,0.006386656
"E_166",9368.005022,2740.219964,0.006200396,2.429670179,1282.588518,25.67432466,28.93068447,0.097542169,0.538411753,11.50492893,10.83746423,0.00677522,0.273596757,0.149254059,0.006401583
"E_167",7207.794897,2442.101236,0.00906455,3.371232027,1121.921913,24.90845739,28.65029713,0.10784638,0.430669805,8.970424317,12.59795709,0.006099393,0.177943241,0.11769532,0.00327222
"E_168",8171.280772,2535.996824,0.008922055,3.13833754,822.3467575,16.30153692,42.97557993,0.139638547,0.321565148,8.604907,21.90346552,0.003701233,-0.091311818,0.155328111,0.006873139
"E_169",8934.498542,2800.69787,0.011431865,3.564782214,1402.530547,23.89979371,27.30695785,0.153781746,0.410401816,9.777019425,19.30006123,0.003971663,-0.029175551,0.231076751,0.019087537
"E_170",8357.484771,2676.242872,0.016532314,5.569261991,1582.33116,31.81569629,41.74570048,0.076980808,0.500548505,10.21734614,14.19878985,0.004639151,0.062879828,0.224989364,0.002117061
"E_172",7977.131387,2159.261682,0.006611636,2.730457158,762.0039719,29.78002627,27.53305564,0.111959435,0.484968832,7.910351528,7.940699054,0.004030326,-0.015347389,0.127429018,0.00474709
"E_173",6617.467678,1989.5929,0.007847984,3.080824583,1127.347055,21.56323988,22.70744112,0.078805706,0.311325187,8.577565177,9.255862838,0.002702618,-0.001834847,0.146208392,0.00253727
"E_174",6847.641039,2064.887882,0.010695694,4.784480079,1784.516255,35.36464302,53.32829777,0.07625568,0.449837497,9.434796272,11.82050524,0.006061505,0.164985548,0.134998704,0.005572019
"E_175",7979.453505,2852.630684,0.016251164,5.101703632,1473.046506,38.34500536,23.67151143,0.140567121,0.486769014,11.61663678,33.75596038,0.006150016,0.104481961,0.137830509,0.007635421
"E_176",9228.450721,2421.821731,-5.11e-05,2.633391189,1873.209727,31.75477669,43.88289949,0.086580159,0.478688925,9.474854354,10.50263302,0.003353831,-0.6420399285,0.193355515,0.004974302
"E_177",13475.91751,2887.158229,0.002055561,3.163706084,1815.751747,29.81251645,28.82612238,0.090841455,0.519265784,10.86056767,14.37236939,0.003847328,0.105360151,0.152798075,0.002968642
"E_178",9554.06875,2441.337088,0.01552623,5.764801344,1358.537898,27.33269784,36.21571118,0.133789686,0.500893201,10.76895591,24.18414658,0.003108535,0.201406374,0.127884911,0.00817315
"E_179",6758.965236,1909.406495,0.015259615,5.455369745,1315.065794,29.30073035,38.94187352,0.094132591,0.418856453,7.100753402,11.56385113,0.003750679,-0.427207576,0.106484126,0.002988646
"E_180",5803.979834,1778.197581,0.014677973,4.681868969,939.8040856,33.04586311,70.25374947,0.112524337,0.890618711,8.548077131,8.9332139,0.003870814,0.359843917,0.073602915,0.00167964
"E_181",4972.591829,1807.972133,0.020850296,7.900787031,1198.501493,40.26253963,49.8458906,0.119821466,0.558404708,9.146463413,22.21907861,0.00751253,-0.42467934,0.126424037,0.002221796
"E_182",7929.543507,2263.107342,0.007382819,2.137414631,1222.364286,25.6464654,21.358874,0.10427707,0.397713577,10.15964674,18.10938562,0.002691342,0.12802385,0.121616386,0.006552895
"E_183",7094.103019,2316.832174,0.018531095,3.127927049,1522.658178,31.38520553,33.1097037,0.067183861,0.335748513,9.066682739,10.16648192,0.005757136,0.174723082,0.145370332,0.009231354
"E_184",8835.444117,2559.423458,0.012265047,3.308984981,1477.551595,29.85374971,24.94766335,0.072576553,0.501215688,10.11572616,16.46818649,0.00304436,-0.183932323,0.155489871,0.00574808
"E_185",5922.867914,1994.080576,0.025048049,9.154848359,1120.316479,40.23143534,63.42059415,0.147126444,0.711883295,7.817624071,23.75834423,0.008399132,0.239903804,0.110131697,0.006075683
"E_186",6059.736252,1506.268844,0.035367652,13.62324947,740.8799663,40.7630127,59.60091811,0.168760735,0.735939422,6.519631587,12.54172452,0.008925144,0.06225701,0.102301609,0.008040519
"E_187",8750.536943,1932.963021,0.016759028,5.74405414,935.042819,25.70669401,86.93898997,0.187246285,0.597033238,7.619265011,21.29832077,0.00449809,-0.100086202,0.120657891,0.003406071
"E_188",9913.700737,2067.609323,0.005416895,4.929252386,1423.573177,23.04599844,32.15670791,0.054837865,0.941947892,8.33870803,12.7317425,0.005828005,0.094199661,0.164443042,0.002098946
"E_189",9930.181324,2808.934872,0.006831447,3.058774733,1454.821458,19.81976343,19.59494459,0.088022999,0.237354812,10.97566465,13.22010061,0.017162996,0.068471868,0.134511952,0.005023842
"E_190",7594.745916,2059.59216,0.007168604,2.573484263,1474.025671,19.05227202,24.30612158,0.07693907,0.248177791,7.35618905,9.564173179,0.003378064,0.060695762,0.135801972,0.005971116
"E_191",6192.160667,2267.425509,0.029820856,11.94113457,1116.745834,48.0791299,53.85712822,0.146031859,0.564223817,7.459671477,20.0096472,0.012011516,0.109815141,0.10475511,0.007325737
"E_192",9002.937684,2503.495141,0.015445336,4.940130371,1455.287701,29.79969353,32.74822906,0.09642888,0.457328676,10.0721739,22.94883127,0.005205291,0.187824912,0.161462629,0.007586945
"E_193",8191.414253,2144.139531,0.011692065,4.779900258,968.8106914,28.06357368,29.373096,0.115011958,0.454103353,8.382351899,13.96422228,0.004813915,0.730192869,0.14955844,0.008365127
"E_194",7485.377579,2310.724724,0.012698425,4.860798638,1181.341091,27.88668939,35.49451167,0.165624578,0.61657699,9.014363983,25.23684673,0.00464432,0.13440513,0.121080895,0.00777578
"E_195",8780.412732,2670.844488,0.013236859,4.842761151,1738.839771,24.10828879,20.4113752,0.114667396,0.513552348,10.07354796,21.8082587,0.006371702,0.058374638,0.147538477,0.005277825
"E_196",11677.83971,2350.191134,0.009621218,2.706384492,1963.233121,23.19394155,24.24758847,0.088004151,0.263770953,12.12583235,11.79577158,0.002892051,0.051909894,0.163523556,0.005821333
"E_197",5225.274856,1761.724622,0.010445263,4.440987377,1502.554211,32.27327506,49.99569638,0.088306133,0.657254505,7.675290783,9.407053007,0.004597516,0.080944173,0.1426273,0.008706387
"E_198",7813.744036,2142.019916,0.008170082,3.477370294,1450.837176,23.74003433,30.7043908,0.093977353,0.523998901,9.226383355,15.61621966,0.001961555,-0.131664636,0.143330842,0.006019205
"E_199",6051.022899,2679.338391,-2.555e-05,0.748923063,1296.139519,4.1329280855,51.6553094,0.271042606,0.961155004,8.859715282,17.82650007,0.023548704,0.045067015,0.1257741,0.007683592
"E_200",5724.782429,2074.625291,0.013403689,5.689152937,1029.395449,23.86786254,44.98165034,0.11574265,0.413839715,7.64530598,21.70112353,0.004965788,0.056994299,0.116375734,0.009457692
"E_201",6945.132745,2259.752563,0.010345432,4.588473878,1256.896014,29.00005145,39.25208171,0.114926321,0.517537361,8.069380166,12.71414904,0.004326631,0.045937459,0.127984085,0.003756823
"E_202",6563.256322,2499.323434,0.016805955,6.004444828,1220.012669,34.25731193,40.50911965,0.141538254,0.467388371,8.937187201,22.57758903,0.006392723,0.041918229,0.164233644,0.006066917
"E_203",9491.730393,2337.776873,0.037525239,20.84646316,1916.76021,59.96382001,40.88983679,0.170414343,0.671391447,9.646469499,11.87576401,0.009882491,0.816305864,0.153764979,0.006948676
"E_204",6908.704259,2434.905039,0.011676364,4.008174536,1654.132763,31.83580589,31.83374206,0.074714594,0.460287127,9.466876888,15.29146159,0.005282065,0.651274031,0.170588145,0.004871412
"E_205",9601.55644,2678.211206,0.010193706,3.621363248,1248.904469,23.94989587,36.26758026,0.06373613,0.532999565,11.67068814,12.83958709,0.00367061,-0.6420399285,0.177665395,0.011145802
"E_206",6548.8805,2011.545178,0.006867185,2.63986725,1540.109747,26.90007985,37.23072932,0.069392498,0.348495516,8.190884533,10.97259953,0.005025468,0.128440992,0.291392622,0.006762048
"E_207",10415.70321,2259.464106,0.004975273,3.477083112,2174.967911,31.34579588,25.83685318,0.073101473,0.435976337,8.486343565,11.49167943,0.004730008,-0.6420399285,0.195313364,0.022947273
"E_208",13107.19204,3187.108293,0.007587523,1.497846126,2008.103594,18.24123688,20.10457751,0.07328695,0.217425373,10.1821249,29.37169866,0.002256751,0.117104545,0.263772886,0.004826166
"E_209",5642.651316,2075.403352,0.010480111,4.392789792,933.4309034,25.88036967,55.44667195,0.07727397,0.526332585,8.340593771,9.795806574,0.003832518,0.06435635,0.150670495,0.005330308
"E_210",6230.522465,2163.69216,0.009466097,3.134763642,1197.150009,26.70413668,39.17217794,0.04964185,0.442624069,8.186747397,9.445370025,0.003089007,0.088418897,0.225245967,0.003878346
"E_211",8175.235115,2091.573637,0.019075865,6.002020985,1060.29638,30.88581952,57.66688983,0.121793313,0.810174988,9.716409917,13.27504075,0.011491924,-0.6420399285,0.104918464,0.004453221
"E_212",7656.028601,2245.715037,0.012865685,3.945778233,1417.232079,23.66683218,33.7282071,0.14686944,0.466691233,8.561552081,11.49450268,0.004893402,0.089619482,0.160061528,0.003082748
"E_213",8600.736629,2470.232217,0.007896057,2.746908574,1392.384676,21.24665577,22.76851652,0.048029699,0.331227072,10.86072493,12.77292286,0.004994846,0.047730861,0.273380785,0.001593947
"E_214",10404.80299,2799.928824,0.00394524,3.328060493,1495.669834,23.36249682,31.44815353,0.063381227,0.392742413,10.14554514,13.87364255,0.004235787,0.184117112,0.223217072,0.002148035
"E_215",7293.067582,2107.783492,0.013989607,4.728165699,1225.330896,31.25954297,47.29876906,0.155502077,0.626019867,8.797245405,32.66721551,0.004745665,0.533272182,0.159890152,0.005613681
"E_217",6465.740043,2625.700718,0.013118855,3.914683718,1591.966842,34.89432215,36.1535437,0.168204049,0.580787309,10.43229935,54.72056664,0.007602361,0.099009542,0.243200224,0.009572075
"E_218",10553.60503,3866.863263,0.014224738,9.717955244,2093.664353,36.68809689,65.75066728,0.155437507,0.678389422,10.42713387,31.22054202,0.007648169,-0.6420399285,0.228089958,0.01058398
"E_219",6830.597705,2356.462748,0.007360374,3.233150091,1476.204001,26.97606819,35.29986696,0.122231089,0.611741344,10.51277934,19.01291279,0.004428296,0.088143536,0.260532119,0.006914929
"E_220",6233.550859,1931.755597,0.007802059,3.178310313,889.2034437,37.57323026,30.08453466,0.064357224,0.394228817,7.566998041,9.726756407,0.005942515,0.457645908,0.112555246,0.003938405
"E_221",8961.778806,2411.369722,0.014848409,5.870452963,1384.061966,25.18572901,31.97815022,0.064229951,0.356183254,8.610117356,13.84309808,0.004788243,0.495493439,0.193822781,0.008392082
"E_222",7413.839034,2165.07947,0.006505219,3.086848392,1427.014475,26.67701256,45.95887361,0.099893319,0.424118021,9.491467803,12.59118957,0.005195569,0.076765312,0.131356715,0.003404084
"E_223",7406.814342,3040.877662,0.016788935,6.870545084,1032.895268,35.81882619,78.64613433,0.101390761,0.528871613,10.16347694,19.91276786,0.004242093,0.075533626,0.202024876,0.012117441
"E_224",8462.007898,2328.581732,0.008212902,3.06165845,1226.13864,23.70483142,23.72065053,0.092371721,0.103596911,9.837588447,18.41434432,0.002508876,0.007193242,0.150117543,0.003030402
"E_225",9130.646525,2813.083933,0.00927321,3.843991333,1589.929456,28.49095504,30.04272475,0.091739646,0.474638459,11.18027038,20.1883416,0.002092611,0.026483324,0.2621896,0.004945257
"E_226",9820.407327,2996.244442,0.007635303,3.553718747,1326.140397,27.50801909,24.18302399,0.061448506,0.473146911,12.03509792,14.59656163,0.001981889,0.029124503,0.241671811,0.003516816
"E_227",5575.859103,2508.863664,0.01331626,5.973386852,872.1684012,31.9406696,102.918999,0.123661913,0.648625262,8.696161479,17.62873571,0.005385948,0.130372324,0.151210131,0.005011911
"E_230",6923.877402,2173.914833,0.011018406,4.148424464,1075.422784,33.9562186,59.97138247,0.120591594,0.481312123,7.546654022,21.09916505,0.007520596,0.361999121,0.104781828,0.010632258
"E_231",9027.711359,2498.975455,0.006641273,1.934820146,1414.35,24.94343776,31.35418803,0.081795464,0.436017971,10.1434538,21.34724087,0.002030001,0.111206896,0.174861579,0.005173692
"E_233",4467.910281,1543.348981,0.027517771,12.50189245,876.7754333,39.77555537,38.08244682,0.131644701,0.561453863,6.641191915,11.86851938,0.007890708,0.091506741,0.13051042,0.004341506
"E_234",7097.199258,2940.119265,0.020531723,8.406187327,1425.524378,38.7001642,67.46138984,0.117510837,0.609984914,10.52404459,16.14658884,0.011661274,0.155709983,0.143922781,0.010295072
